Date,Location,MinTemp,MaxTemp,Rainfall,Evaporation,Sunshine,WindGustDir,WindGustSpeed,WindDir9am,WindDir3pm,WindSpeed9am,WindSpeed3pm,Humidity9am,Humidity3pm,Pressure9am,Pressure3pm,Cloud9am,Cloud3pm,Temp9am,Temp3pm,RainToday,RISK_MM,RainTomorrow
2008-12-01,Albury,13.4,22.9,0.6,NA,NA,W,44,W,WNW,20,24,71,22,1007.7,1007.1,8,NA,16.9,21.8,No,0,No
2008-12-02,Albury,7.4,25.1,0,NA,NA,WNW,44,NNW,WSW,4,22,44,25,1010.6,1007.8,NA,NA,17.2,24.3,No,0,No
2008-12-03,Albury,12.9,25.7,0,NA,NA,WSW,46,W,WSW,19,26,38,30,1007.6,1008.7,NA,2,21,23.2,No,0,No
2008-12-04,Albury,9.2,28,0,NA,NA,NE,24,SE,E,11,9,45,16,1017.6,1012.8,NA,NA,18.1,26.5,No,1,No
2008-12-05,Albury,17.5,32.3,1,NA,NA,W,41,ENE,NW,7,20,82,33,1010.8,1006,7,8,17.8,29.7,No,0.2,No
2008-12-06,Albury,14.6,29.7,0.2,NA,NA,WNW,56,W,W,19,24,55,23,1009.2,1005.4,NA,NA,20.6,28.9,No,0,No
2008-12-07,Albury,14.3,25,0,NA,NA,W,50,SW,W,20,24,49,19,1009.6,1008.2,1,NA,18.1,24.6,No,0,No
2008-12-08,Albury,7.7,26.7,0,NA,NA,W,35,SSE,W,6,17,48,19,1013.4,1010.1,NA,NA,16.3,25.5,No,0,No
2008-12-09,Albury,9.7,31.9,0,NA,NA,NNW,80,SE,NW,7,28,42,9,1008.9,1003.6,NA,NA,18.3,30.2,No,1.4,Yes
2008-12-10,Albury,13.1,30.1,1.4,NA,NA,W,28,S,SSE,15,11,58,27,1007,1005.7,NA,NA,20.1,28.2,Yes,0,No
2008-12-11,Albury,13.4,30.4,0,NA,NA,N,30,SSE,ESE,17,6,48,22,1011.8,1008.7,NA,NA,20.4,28.8,No,2.2,Yes
2008-12-12,Albury,15.9,21.7,2.2,NA,NA,NNE,31,NE,ENE,15,13,89,91,1010.5,1004.2,8,8,15.9,17,Yes,15.6,Yes
2008-12-13,Albury,15.9,18.6,15.6,NA,NA,W,61,NNW,NNW,28,28,76,93,994.3,993,8,8,17.4,15.8,Yes,3.6,Yes
2008-12-14,Albury,12.6,21,3.6,NA,NA,SW,44,W,SSW,24,20,65,43,1001.2,1001.8,NA,7,15.8,19.8,Yes,0,No
2008-12-16,Albury,9.8,27.7,NA,NA,NA,WNW,50,NA,WNW,NA,22,50,28,1013.4,1010.3,0,NA,17.3,26.2,NA,0,No
2008-12-17,Albury,14.1,20.9,0,NA,NA,ENE,22,SSW,E,11,9,69,82,1012.2,1010.4,8,1,17.2,18.1,No,16.8,Yes
2008-12-18,Albury,13.5,22.9,16.8,NA,NA,W,63,N,WNW,6,20,80,65,1005.8,1002.2,8,1,18,21.5,Yes,10.6,Yes
2008-12-19,Albury,11.2,22.5,10.6,NA,NA,SSE,43,WSW,SW,24,17,47,32,1009.4,1009.7,NA,2,15.5,21,Yes,0,No
2008-12-20,Albury,9.8,25.6,0,NA,NA,SSE,26,SE,NNW,17,6,45,26,1019.2,1017.1,NA,NA,15.8,23.2,No,0,No
2008-12-21,Albury,11.5,29.3,0,NA,NA,S,24,SE,SE,9,9,56,28,1019.3,1014.8,NA,NA,19.1,27.3,No,0,No
2008-12-22,Albury,17.1,33,0,NA,NA,NE,43,NE,N,17,22,38,28,1013.6,1008.1,NA,1,24.5,31.6,No,0,No
2008-12-23,Albury,20.5,31.8,0,NA,NA,WNW,41,W,W,19,20,54,24,1007.8,1005.7,NA,NA,23.8,30.8,No,0,No
2008-12-24,Albury,15.3,30.9,0,NA,NA,N,33,ESE,NW,6,13,55,23,1011,1008.2,5,NA,20.9,29,No,0,No
2008-12-25,Albury,12.6,32.4,0,NA,NA,W,43,E,W,4,19,49,17,1012.9,1010.1,NA,NA,21.5,31.2,No,0,No
2008-12-26,Albury,16.2,33.9,0,NA,NA,WSW,35,SE,WSW,9,13,45,19,1010.9,1007.6,NA,1,23.2,33,No,0,No
2008-12-27,Albury,16.9,33,0,NA,NA,WSW,57,NA,W,0,26,41,28,1006.8,1003.6,NA,1,26.6,31.2,No,0,No
2008-12-28,Albury,20.1,32.7,0,NA,NA,WNW,48,N,WNW,13,30,56,15,1005.2,1001.7,NA,NA,24.6,32.1,No,0,No
2008-12-29,Albury,19.7,27.2,0,NA,NA,WNW,46,NW,WSW,19,30,49,22,1004.8,1004.2,NA,NA,21.6,26.1,No,1.2,Yes
2008-12-30,Albury,12.5,24.2,1.2,NA,NA,WNW,50,WSW,SW,11,22,78,70,1005.6,1003.4,8,8,12.5,18.2,Yes,0.8,No
2008-12-31,Albury,12,24.4,0.8,NA,NA,W,39,WNW,WNW,17,17,48,28,1006.1,1005.1,1,NA,16.9,22.7,No,0,No
2009-01-01,Albury,11.3,26.5,0,NA,NA,WNW,56,W,WNW,19,31,46,26,1004.5,1003.2,NA,NA,19.7,25.7,No,0,No
2009-01-02,Albury,9.6,23.9,0,NA,NA,W,41,WSW,SSW,19,11,44,22,1014.4,1013.1,NA,NA,14.9,22.1,No,0,No
2009-01-03,Albury,10.5,28.8,0,NA,NA,SSE,26,SSE,E,11,7,43,22,1018.7,1014.8,NA,NA,17.1,26.5,No,0,No
2009-01-04,Albury,12.3,34.6,0,NA,NA,WNW,37,SSE,NW,6,17,41,12,1015.1,1010.3,NA,NA,20.7,33.9,No,0,No
2009-01-05,Albury,12.9,35.8,0,NA,NA,WNW,41,ENE,NW,6,26,41,9,1012.6,1009.2,NA,NA,22.4,34.4,No,0,No
2009-01-06,Albury,13.7,37.9,0,NA,NA,W,52,SE,WNW,4,26,33,8,1010.9,1006.7,NA,NA,23.1,36.8,No,0,No
2009-01-07,Albury,16.1,38.9,0,NA,NA,W,57,E,W,6,30,34,12,1007,1002.7,NA,NA,25.2,38.4,No,0,No
2009-01-08,Albury,14,28.3,0,NA,NA,W,48,W,WSW,17,24,43,15,1011.9,1010.9,NA,NA,17.9,27.6,No,0,No
2009-01-09,Albury,12.5,28.4,0,NA,NA,NE,37,SSE,S,20,9,38,16,1017.8,1013.7,NA,NA,17.2,26.6,No,0,No
2009-01-10,Albury,17,30.8,0,NA,NA,NE,37,NNE,E,15,11,36,24,1013.4,1008.1,NA,NA,20.2,29.3,No,0,No
2009-01-11,Albury,16.9,32,0,NA,NA,S,31,SSE,N,13,17,52,31,1009.9,1006.8,NA,NA,22.8,30,No,0,No
2009-01-12,Albury,17.3,34.7,0,NA,NA,SW,35,SE,WSW,7,15,48,16,1014.1,1012.1,NA,NA,24.2,33.2,No,0,No
2009-01-13,Albury,17.2,37.7,0,NA,NA,NNW,35,SE,NW,7,17,51,19,1015.7,1010.9,NA,NA,24.3,35.7,No,0,No
2009-01-14,Albury,17.4,43,0,NA,NA,NW,39,SSE,SSW,7,17,40,8,1011.6,1006.9,NA,NA,25.6,41.5,No,0,No
2009-01-15,Albury,19.8,32.7,0,NA,NA,WNW,44,W,W,20,28,34,28,1008.4,1009.2,NA,NA,27.6,27.1,No,0,No
2009-01-16,Albury,14.9,26.7,0,NA,NA,SW,56,WSW,SW,20,31,46,20,1014.1,1012.7,NA,NA,18,25.5,No,0,No
2009-01-17,Albury,10.5,28.4,0,NA,NA,SE,33,SE,SW,19,11,35,16,1019.7,1017.4,NA,NA,16,25.8,No,0,No
2009-01-18,Albury,11.3,32.2,0,NA,NA,WNW,28,ENE,SSW,17,15,34,17,1019.7,1016.2,NA,NA,20.9,30.5,No,0,No
2009-01-19,Albury,13.9,36.6,0,NA,NA,WNW,39,SSE,NNE,2,15,39,10,1015.8,1010.6,NA,NA,22,34.4,No,0,No
2009-01-20,Albury,18.6,39.9,0,NA,NA,NNW,61,SSE,WNW,9,20,36,21,1010.1,1004.8,NA,NA,26.8,37.7,No,0.8,No
2009-01-21,Albury,19.3,38.1,0.8,NA,NA,NNW,61,NE,WSW,15,17,48,17,1009.6,1005.9,NA,NA,27.3,36.1,No,0.6,No
2009-01-22,Albury,24.4,34,0.6,NA,NA,NW,98,N,NNW,26,48,60,39,1005.3,997.8,4,1,26.1,33.1,No,6.4,Yes
2009-01-23,Albury,18.8,35.2,6.4,NA,NA,WNW,52,S,NW,6,28,43,28,1007.9,1003.9,NA,NA,22.8,33,Yes,0,No
2009-01-24,Albury,20.8,30.6,0,NA,NA,W,54,W,W,30,28,41,21,1005.4,1007.6,NA,NA,23.3,29.7,No,0,No
2009-01-25,Albury,14,34.3,0,NA,NA,WSW,24,ESE,SSE,7,13,44,10,1016.5,1014.6,NA,NA,21.2,32.1,No,0,No
2009-01-26,Albury,15.7,38.4,0,NA,NA,S,33,SSE,WSW,7,7,48,12,1017.7,1014.6,NA,NA,23.4,36.5,No,0,No
2009-01-27,Albury,18.5,38.2,0,NA,NA,NNE,31,SE,NNW,9,17,48,25,1017.8,1014.1,NA,NA,25.8,36.2,No,0,No
2009-01-28,Albury,20.4,40.7,0,NA,NA,N,37,E,NNE,7,13,45,15,1014.9,1011.6,NA,NA,28.2,39.2,No,0,No
2009-01-29,Albury,21.8,41.5,0,NA,NA,SW,24,ESE,S,6,11,38,13,1015.7,1011.8,NA,NA,29,40.1,No,0,No
2009-01-30,Albury,22.3,42.9,0,NA,NA,NNE,28,ESE,SE,9,11,37,11,1014.6,1010.2,NA,NA,29.2,41.2,No,0,No
2009-01-31,Albury,22,42.7,0,NA,NA,ESE,48,ESE,SW,4,4,33,11,1014.2,1010.5,NA,NA,29.9,42,No,0,No
2009-02-01,Albury,28,43.1,0,NA,NA,SW,83,SE,E,15,9,27,9,1012.5,1008.7,NA,NA,32.4,41.9,No,0.2,No
2009-02-02,Albury,24.4,38.3,0.2,NA,NA,SW,56,NE,NW,19,7,32,21,1011.7,1007.4,NA,NA,28.8,37.1,No,0,No
2009-02-03,Albury,21.5,37.7,0,NA,NA,NA,NA,N,NA,13,9,51,21,1009.2,1005.7,NA,NA,27.2,36.2,No,0,No
2009-02-04,Albury,21.7,36.9,0,NA,NA,NA,NA,NA,NA,11,11,53,26,1008.8,1004.7,NA,NA,25.5,35.2,No,0,No
2009-02-05,Albury,21.5,41.2,0,NA,NA,WSW,35,SSE,S,7,19,48,15,1005.9,1002.6,NA,NA,26.5,39.7,No,0,No
2009-02-06,Albury,23.5,42.2,0,NA,NA,W,37,SE,W,6,15,39,8,1008,1005,NA,NA,28.7,41.6,No,0,No
2009-02-07,Albury,22.3,44.8,0,NA,NA,NNW,59,SE,NW,9,33,36,11,1008.2,1003.8,NA,NA,29.6,43.4,No,0,No
2009-02-08,Albury,28.3,40.2,0,NA,NA,NW,52,N,W,9,22,20,19,1007,1006.5,NA,5,34.5,38.5,No,0.4,No
2009-02-09,Albury,18.4,31.2,0.4,NA,NA,SE,37,SW,WSW,7,11,66,31,1009.3,1007.8,7,8,18.7,29.4,No,0,No
2009-02-10,Albury,14.9,27.3,0,NA,NA,SSE,41,SSE,SE,20,13,50,30,1011.6,1008.5,NA,1,17.4,25.8,No,0,No
2009-02-11,Albury,13.5,26.7,0,NA,NA,SSE,46,SSE,E,19,11,45,24,1012.8,1011.1,NA,NA,16.7,24.9,No,0,No
2009-02-12,Albury,16.1,21.6,0,NA,NA,SE,46,SSE,NE,11,15,58,69,1017,1017.3,2,8,17,17.3,No,3,Yes
2009-02-13,Albury,14.6,29,3,NA,NA,SSE,41,SE,SSE,26,24,41,21,1023.3,1019.7,NA,NA,18,27.6,Yes,0,No
2009-02-14,Albury,12.4,29.2,0,NA,NA,NE,39,S,NA,7,0,37,18,1022.5,1016.4,NA,NA,18.3,28.5,No,0,No
2009-02-15,Albury,13.3,31.3,0,NA,NA,NNE,41,SSE,SSW,7,15,50,23,1016.2,1012.8,NA,NA,19.2,29.2,No,0,No
2009-02-16,Albury,17.2,31.1,0,NA,NA,E,35,SE,ESE,17,11,43,22,1017.7,1013.8,NA,NA,21.4,29.5,No,0,No
2009-02-17,Albury,12.5,28.8,0,NA,NA,N,31,SSE,ENE,7,11,46,17,1017.2,1013.5,NA,NA,18,27,No,0,No
2009-02-18,Albury,18,32,0,NA,NA,NW,31,ENE,SW,4,13,44,22,1012.4,1007.5,NA,NA,22.1,30.7,No,0,No
2009-02-19,Albury,16.2,34,0,NA,NA,WSW,48,SE,WSW,4,22,53,16,1007.8,1004.5,NA,NA,21,32.7,No,0,No
2009-02-20,Albury,18.7,29.1,0,NA,NA,SSW,41,NNW,SSE,7,17,45,39,1010.1,1010.8,NA,NA,21.5,26.8,No,0,No
2009-02-21,Albury,13.7,31.7,0,NA,NA,SSE,28,SSE,S,2,9,63,19,1012.5,1010.4,NA,NA,19.3,29.8,No,0,No
2009-02-22,Albury,15.5,33.2,0,NA,NA,NW,31,S,WNW,11,15,49,23,1015.6,1012.4,NA,NA,20.9,31.3,No,0,No
2009-02-23,Albury,14.3,34,0,NA,NA,NW,70,SE,NW,6,22,48,10,1013,1009.2,NA,NA,20.7,33.4,No,0,No
2009-02-24,Albury,12.9,29.6,0,NA,NA,WNW,46,SW,WNW,7,24,54,14,1014,1012.7,6,7,18.7,28.6,No,0,No
2009-02-25,Albury,8.9,31.9,0,NA,NA,WNW,43,NA,WSW,0,17,49,16,1016.6,1013.4,7,7,15,29.3,No,0,No
2009-02-26,Albury,15,32.7,0,NA,NA,ESE,26,ESE,S,15,2,43,19,1017.8,1015,NA,NA,20.7,30.5,No,0,No
2009-02-27,Albury,15.4,32.6,0,NA,NA,W,24,NA,S,0,6,53,25,1016.2,1012.6,NA,NA,20,30.8,No,0,No
2009-02-28,Albury,16,34.5,0,NA,NA,WSW,44,E,NA,6,NA,44,14,1007.5,1004.6,NA,NA,22.2,33.6,No,0,No
2009-03-01,Albury,12.8,30.3,0,NA,NA,W,30,W,WSW,4,13,53,27,1010.5,1008.7,NA,NA,17.3,28.1,No,0,No
2009-03-02,Albury,13.2,31.9,0,NA,NA,NNW,35,S,ENE,6,9,53,25,1014.1,1011.6,NA,NA,18,29.8,No,0,No
2009-03-03,Albury,18,31.1,0,NA,NA,WNW,52,NE,NNE,15,26,58,35,1014.7,1009,5,NA,23,29.2,No,0.2,No
2009-03-04,Albury,13.8,22.1,0.2,NA,NA,WNW,57,W,WNW,26,33,57,26,1014.5,1013.1,NA,NA,15.6,21.9,No,0,No
2009-03-05,Albury,11.5,22,0,NA,NA,SW,50,WSW,W,19,33,60,33,1013.7,1011.8,NA,NA,13.9,21.4,No,0,No
2009-03-06,Albury,7.6,24,0,NA,NA,WSW,30,NA,WNW,0,13,52,23,1014.5,1012,NA,NA,12.6,22,No,0,No
2009-03-07,Albury,8.3,27.9,0,NA,NA,W,37,S,W,4,20,58,22,1015.2,1012.4,NA,NA,13.3,27,No,0,No
2009-03-08,Albury,11,30.2,0,NA,NA,SSE,24,E,SSE,7,11,54,20,1017,1014.7,NA,NA,17.6,28.8,No,0,No
2009-03-09,Albury,13.8,31.8,0,NA,NA,NNE,24,SSE,NE,6,17,49,28,1019.7,1015.9,NA,NA,18.6,30.5,No,0,No
2009-03-10,Albury,15.5,32,0,NA,NA,NE,50,ESE,E,2,4,51,25,1019.5,1016.2,NA,NA,20.1,30.8,No,1.2,Yes
2009-03-11,Albury,18.4,30.5,1.2,NA,NA,NE,44,NE,N,15,19,57,23,1021.3,1018,NA,NA,21.5,29.6,Yes,0,No
2009-03-12,Albury,20.9,25.7,0,NA,NA,W,37,ENE,S,11,9,52,90,1019.5,1018.9,NA,8,22.2,18.8,No,5.8,Yes
2009-03-13,Albury,17.1,25.8,5.8,NA,NA,ENE,31,NA,S,0,13,82,68,1017.4,1014.7,8,NA,19,23.8,Yes,3,Yes
2009-03-14,Albury,16.4,27,3,NA,NA,SW,69,E,N,9,22,82,74,1012.7,1008,NA,4,19.9,19.7,Yes,11.6,Yes
2009-03-15,Albury,10,19.7,11.6,NA,NA,WNW,39,W,NW,11,17,62,41,1013.4,1012,NA,8,12.7,18.3,Yes,0,No
2009-03-16,Albury,8.8,21.9,0,NA,NA,W,39,S,WNW,2,20,78,34,1013.3,1011.6,NA,6,12.2,20.5,No,0,No
2009-03-17,Albury,8.4,25.3,0,NA,NA,WNW,35,SSE,WSW,9,17,78,34,1015.6,1013.2,NA,NA,12.1,23.9,No,0,No
2009-03-18,Albury,9.3,28,0,NA,NA,NW,52,SSE,NW,6,11,76,19,1017.4,1013.9,NA,NA,14.7,27.2,No,0,No
2009-03-19,Albury,11.3,30.1,0,NA,NA,WSW,24,S,SW,6,7,56,15,1016.3,1013.6,NA,NA,14.7,29.3,No,0,No
2009-03-20,Albury,11.5,33.5,0,NA,NA,SSE,22,NE,N,7,7,50,13,1016.5,1013.6,NA,NA,17.4,32.6,No,0,No
2009-03-21,Albury,13.8,33.6,0,NA,NA,NNW,28,NA,NNE,0,11,47,17,1017,1013.1,NA,2,18.8,33.5,No,0,No
2009-03-22,Albury,14.6,30,0,NA,NA,NE,37,E,NNE,4,19,56,30,1014.8,1012.7,3,1,18.1,29,No,0,No
2009-03-23,Albury,14.4,31.6,0,NA,NA,NW,37,NA,WNW,0,24,63,25,1013.7,1011.8,NA,NA,18.8,31.4,No,0,No
2009-03-24,Albury,10.8,31.9,0,NA,NA,S,48,SSE,WNW,6,20,62,20,1016.5,1014.4,NA,NA,15.4,30.7,No,0.4,No
2009-03-25,Albury,15.4,22.3,0.4,NA,NA,ENE,30,SSE,SSE,11,9,69,78,1017.4,1019.2,8,8,18.3,19.6,No,1.8,Yes
2009-03-26,Albury,13.3,29.8,1.8,NA,NA,WSW,33,NA,WNW,0,20,87,26,1019.1,1017.2,NA,6,16.2,29.2,Yes,0,No
2009-03-27,Albury,10.1,27.6,0,NA,NA,WNW,43,NA,W,0,11,63,30,1023,1020.7,NA,NA,16.5,26.8,No,0,No
2009-03-28,Albury,9.1,28.9,0,NA,NA,NNW,24,N,N,2,17,60,26,1023.8,1020.6,NA,NA,14,27.7,No,0,No
2009-03-29,Albury,10.4,31.2,0,NA,NA,S,22,NA,SE,0,6,60,18,1022.4,1019.1,NA,NA,16,29.9,No,0,No
2009-03-30,Albury,13.4,30.4,0,NA,NA,ENE,22,NA,SE,0,9,57,16,1023,1019.5,NA,NA,17.2,29.2,No,0,No
2009-03-31,Albury,12.3,29.9,0,NA,NA,WSW,26,S,SSW,2,13,61,25,1023.2,1019.5,NA,NA,17.1,28.6,No,0,No
2009-04-01,Albury,12.2,30.6,0,NA,NA,SE,22,NA,ENE,0,6,59,22,1022.6,1019.4,NA,NA,16.6,29.5,No,0,No
2009-04-02,Albury,14.3,32.1,0,NA,NA,NE,28,NA,ENE,0,11,59,30,1022.6,1018.4,NA,NA,18.4,30.9,No,8.6,Yes
2009-04-03,Albury,18.4,28.1,8.6,NA,NA,W,98,E,NNE,7,17,92,49,1018.8,1012.9,8,6,19,27.4,Yes,12.6,Yes
2009-04-04,Albury,10.7,21.4,12.6,NA,NA,W,43,NA,WSW,0,13,60,33,1019.8,1019.3,NA,NA,13.9,20.3,Yes,0,No
2009-04-05,Albury,7.8,21.7,0,NA,NA,WSW,31,E,NW,6,19,72,37,1020.4,1016.5,NA,NA,12.9,21.2,No,0,No
2009-04-06,Albury,8.1,21.4,0,NA,NA,W,35,SSE,WSW,13,19,58,20,1021.8,1019.6,NA,NA,13.8,20.9,No,0,No
2009-04-07,Albury,7.5,22.5,0,NA,NA,SE,28,S,S,7,7,55,27,1026.7,1023.5,NA,NA,13.3,21.6,No,0,No
2009-04-08,Albury,8.2,24,0,NA,NA,SSE,17,SSE,SSE,7,13,60,30,1027.1,1023.4,NA,NA,13.8,23.5,No,0,No
2009-04-09,Albury,8.1,25.7,0,NA,NA,ENE,22,ESE,S,9,13,67,27,1024.2,1019.6,NA,NA,15.1,25,No,0,No
2009-04-10,Albury,11.6,26.7,0,NA,NA,W,48,SE,NE,6,11,59,42,1021.5,1017.7,8,7,16.4,24.3,No,8.4,Yes
2009-04-11,Albury,13,24.9,8.4,NA,NA,W,46,S,E,6,11,75,47,1024.4,1020.3,8,6,18,24.4,Yes,6.2,Yes
2009-04-12,Albury,13.5,24.2,6.2,NA,NA,WSW,20,NA,SE,0,6,88,52,1024.1,1020.8,8,NA,15.4,23.1,Yes,0,No
2009-04-13,Albury,9.9,25.4,0,NA,NA,NNE,19,ENE,SSW,4,7,65,35,1023,1018.7,NA,NA,16.1,25,No,0,No
2009-04-14,Albury,12.2,25,0,NA,NA,WNW,30,NA,W,0,15,68,39,1016.3,1011.6,6,NA,16.2,24.6,No,0,No
2009-04-15,Albury,10.7,21.9,0,NA,NA,W,63,NW,W,26,31,44,27,1008.2,1009.8,2,NA,20.5,18.9,No,0,No
2009-04-16,Albury,3.5,20,0,NA,NA,W,31,NA,WNW,0,13,65,30,1016.3,1012.8,NA,NA,9.6,19.4,No,0,No
2009-04-17,Albury,6.6,21.6,0,NA,NA,WNW,26,ENE,W,6,11,59,39,1018.5,1016.8,5,1,12.6,21.6,No,0,No
2009-04-18,Albury,7,23.4,0,NA,NA,W,24,SSE,W,2,17,73,37,1022.8,1019.3,NA,NA,12.4,22.9,No,0,No
2009-04-19,Albury,11.2,23.9,0,NA,NA,SE,31,SE,SE,13,15,54,33,1022.7,1019.6,NA,NA,18,23.6,No,0,No
2009-04-20,Albury,7.4,22,0,NA,NA,SSE,28,SE,SE,2,7,58,29,1023.6,1020,NA,NA,14.1,21.3,No,0,No
2009-04-21,Albury,5.7,21.4,0,NA,NA,ESE,17,ENE,SSE,6,7,68,39,1025.2,1020.9,NA,NA,12.2,20.9,No,0,No
2009-04-22,Albury,6.2,22.7,0,NA,NA,ESE,17,NA,SW,0,7,73,33,1026,1021.6,NA,NA,11.2,22.3,No,0,No
2009-04-23,Albury,6,22.9,0,NA,NA,NE,33,NA,NE,0,20,68,34,1021.3,1015.7,NA,NA,12.9,22.6,No,0,No
2009-04-24,Albury,10.6,16.2,0,NA,NA,WNW,39,ESE,NNE,7,4,74,86,1008.9,1002.4,8,8,14.9,15.1,No,20,Yes
2009-04-25,Albury,12.9,15.8,20,NA,NA,W,70,WNW,NNW,19,15,83,89,1004.8,1000.9,8,8,13.3,14.5,Yes,21,Yes
2009-04-26,Albury,8.6,12.9,21,NA,NA,NNW,63,NW,WNW,26,31,77,62,1004,1003.3,8,8,9.5,11.6,Yes,3.2,Yes
2009-04-27,Albury,4.5,11.5,3.2,NA,NA,NW,26,N,NNW,9,13,82,79,1013.8,1013.5,8,8,7.6,9.4,Yes,4.8,Yes
2009-04-28,Albury,7.6,14.5,4.8,NA,NA,WNW,35,W,W,15,20,83,48,1018,1018.3,8,1,10.1,14,Yes,0,No
2009-04-29,Albury,5.4,12.2,0,NA,NA,SSE,19,SE,SSE,9,7,62,46,1023.1,1020.9,NA,8,8.2,12.1,No,0,No
2009-04-30,Albury,2.1,16.5,0,NA,NA,SW,19,NA,SW,0,7,70,38,1023.4,1021.5,NA,NA,7.9,16.1,No,0,No
2009-05-01,Albury,1.8,17,0,NA,NA,SW,19,NA,WSW,0,7,77,44,1026,1023.2,NA,NA,7.2,16.3,No,0,No
2009-05-02,Albury,7.2,19.2,0,NA,NA,SW,22,ENE,W,7,6,81,49,1026.9,1024,8,4,10.1,19.1,No,0,No
2009-05-03,Albury,4.6,18.9,0,NA,NA,S,15,N,SSE,4,7,75,51,1028.7,1025.9,NA,NA,10.6,18.5,No,0,No
2009-05-04,Albury,4.2,19.1,0,NA,NA,W,19,ENE,WSW,6,13,86,44,1029.8,1027.3,NA,NA,9.6,18.8,No,0,No
2009-05-05,Albury,5.2,18.8,0,NA,NA,ESE,15,NA,SE,0,7,71,47,1031.4,1028.1,NA,NA,10.3,18.4,No,0,No
2009-05-06,Albury,4.1,19.3,0,NA,NA,SW,20,ENE,WNW,6,7,82,49,1028.5,1024.6,NA,NA,10,19.2,No,0,No
2009-05-07,Albury,3.2,18.4,0,NA,NA,SW,20,SE,WNW,6,11,86,49,1026.2,1023.6,NA,NA,8.3,18.2,No,0,No
2009-05-08,Albury,4.3,19,0,NA,NA,W,15,NA,W,0,9,68,36,1028.8,1025.8,NA,NA,11,18.5,No,0,No
2009-05-09,Albury,3.7,20.5,0,NA,NA,W,17,NA,WSW,0,7,78,45,1026,1021.8,NA,NA,9.4,20.2,No,0,No
2009-05-10,Albury,5.4,19.5,0,NA,NA,SE,17,NA,SE,0,7,69,40,1025.1,1022.3,NA,NA,11.7,19.1,No,0,No
2009-05-11,Albury,4.3,17.7,0,NA,NA,ESE,15,NNW,S,6,7,89,53,1025.6,1022.2,8,NA,8.5,17.7,No,0,No
2009-05-12,Albury,3.6,18.5,0,NA,NA,W,26,ENE,WNW,4,17,81,49,1022.3,1018.5,NA,NA,9.1,18,No,0,No
2009-05-13,Albury,3.6,15.1,0,NA,NA,WNW,28,SE,W,4,17,86,61,1018.4,1015.7,NA,8,7.5,14.6,No,0,No
2009-05-14,Albury,6.9,16.3,0,NA,NA,WNW,35,WNW,WNW,17,19,77,59,1015.3,1013.1,8,8,10.3,15.3,No,0,No
2009-05-15,Albury,10.3,16.6,0,NA,NA,WNW,54,NW,NW,13,19,82,63,1015,1011,8,7,12.9,15.9,No,1.8,Yes
2009-05-16,Albury,12.4,16.4,1.8,NA,NA,W,52,W,WSW,22,24,82,54,1011.8,1013.4,8,8,13,14.5,Yes,0,No
2009-05-17,Albury,3,15.6,0,NA,NA,W,20,E,E,6,9,83,61,1022.5,1019.3,4,NA,7,14.7,No,0,No
2009-05-18,Albury,2.6,19.7,0,NA,NA,E,13,NA,ENE,0,4,82,34,1024.7,1021.2,NA,NA,8.8,18.7,No,0,No
2009-05-19,Albury,3.7,19.1,0,NA,NA,SSE,19,NA,SSE,0,11,87,51,1023.6,1019.9,NA,NA,7.4,18.9,No,0,No
2009-05-20,Albury,5.1,18.6,0,NA,NA,E,13,SSE,ENE,2,9,75,57,1022.8,1020.5,7,7,12.4,18,No,0,No
2009-05-21,Albury,4.4,19.8,0,NA,NA,SE,20,NA,SE,0,7,81,48,1025.2,1022.3,NA,NA,9.4,19.1,No,0,No
2009-05-22,Albury,4.7,19.8,0,NA,NA,SE,24,S,SE,4,19,75,43,1025.2,1021.4,NA,NA,10.1,19.6,No,0,No
2009-05-23,Albury,6.2,22.9,0,NA,NA,E,30,NE,SE,6,9,71,37,1022.2,1019.4,NA,NA,11.9,21.7,No,0,No
2009-05-24,Albury,6.7,21.1,0,NA,NA,SE,20,NA,SE,0,11,69,43,1025,1022.1,NA,NA,12.5,20.8,No,0,No
2009-05-25,Albury,9.3,20.3,0,NA,NA,NE,31,SE,NE,9,22,77,50,1024.6,1019.7,2,8,11.6,19.5,No,4.2,Yes
2009-05-26,Albury,11.6,18.1,4.2,NA,NA,E,19,E,SSE,2,6,97,74,1021.4,1019.2,8,3,13.6,17.4,Yes,0.8,No
2009-05-27,Albury,8,16.2,0.8,NA,NA,W,20,NA,WSW,0,11,99,58,1021.7,1019.3,8,NA,10.1,15.6,No,0,No
2009-05-28,Albury,2.6,15.7,0,NA,NA,SSE,13,NA,S,0,2,91,48,1023.4,1021.6,NA,NA,7.1,15.3,No,0,No
2009-05-29,Albury,2.2,16.5,0,NA,NA,ESE,33,NA,SE,0,19,67,44,1025.6,1024,NA,NA,10.2,15.9,No,0,No
2009-05-30,Albury,2.2,16.8,0,NA,NA,SE,26,NA,SE,0,15,65,44,1030.3,1028.5,NA,NA,9.6,16.7,No,0,No
2009-05-31,Albury,1.7,17.1,0,NA,NA,NW,44,NA,SE,0,9,73,46,1034.1,1029.9,NA,NA,8,16.8,No,1.2,Yes
2009-06-01,Albury,8,14.3,1.2,NA,NA,SE,13,NA,NA,0,0,88,75,1031.9,1029.2,8,8,9.2,14,Yes,1.4,Yes
2009-06-02,Albury,8.4,13.4,1.4,NA,NA,SE,13,NA,ESE,0,7,78,75,1029.3,1026.2,8,8,10.6,13.4,Yes,4.8,Yes
2009-06-03,Albury,10.6,14.3,4.8,NA,NA,SE,13,ENE,SE,6,9,85,97,1023.5,1020.4,8,8,12.4,13,Yes,8,Yes
2009-06-04,Albury,8.9,17.4,8,NA,NA,ENE,13,NW,E,2,4,99,58,1021,1017.5,8,7,11.3,16.5,Yes,0,No
2009-06-05,Albury,2.8,16.1,0,NA,NA,W,20,NNE,W,4,11,86,57,1017.9,1015.1,NA,NA,7.6,15.6,No,0.2,No
2009-06-06,Albury,1.7,10.5,0.2,NA,NA,ESE,11,E,NA,4,0,99,91,1015.2,1011.1,8,8,4.7,10.2,No,14.4,Yes
2009-06-07,Albury,4.7,11.6,14.4,NA,NA,NNW,30,NNW,NNW,6,17,93,80,1007.5,1006.3,8,8,10,11.5,Yes,4.6,Yes
2009-06-08,Albury,9,12,4.6,NA,NA,WNW,33,WNW,WNW,9,26,88,79,1009.6,1008.7,8,8,10.3,11.4,Yes,2,Yes
2009-06-09,Albury,6.3,8.8,2,NA,NA,W,43,NNW,WNW,13,13,92,95,1011.1,1008.3,8,8,6.8,7.9,Yes,5.6,Yes
2009-06-10,Albury,3,10.5,5.6,NA,NA,WNW,37,W,WSW,15,22,77,56,1017.6,1018.4,NA,4,4.9,9.7,Yes,0,No
2009-06-11,Albury,-2,9.6,0,NA,NA,SE,13,NA,ESE,0,6,84,72,1025.1,1023,NA,1,2.2,8.8,No,0,No
2009-06-12,Albury,-1.3,8.2,0,NA,NA,ESE,15,E,SSE,6,6,99,72,1025.7,1022.2,8,7,1.9,7.9,No,0,No
2009-06-13,Albury,1.8,12.4,0,NA,NA,ENE,28,E,NE,4,15,86,60,1018.3,1013,NA,4,5.9,12.1,No,0,No
2009-06-14,Albury,2,15.8,0,NA,NA,NNE,24,NA,NE,0,11,82,49,1011.8,1009.3,NA,NA,6.5,15.5,No,0.4,No
2009-06-15,Albury,0.5,14.9,0.4,NA,NA,ESE,13,NNE,NA,2,0,99,63,1013.9,1012.8,NA,NA,5.4,13.9,No,0,No
2009-06-16,Albury,1.2,17.7,0,NA,NA,SE,17,NA,ESE,0,6,83,49,1022.3,1022.2,NA,NA,6.6,15.4,No,0,No
2009-06-17,Albury,0.6,15.9,0,NA,NA,WSW,13,NA,W,0,2,94,52,1029.7,1027.7,NA,NA,5.6,14.9,No,0,No
2009-06-18,Albury,0.5,14.7,0,NA,NA,N,11,N,NA,6,0,99,63,1031.6,1028.6,8,NA,4.7,14.5,No,0,No
2009-06-19,Albury,0.5,15.3,0,NA,NA,ESE,13,NE,SE,6,6,93,56,1030.8,1027.1,NA,NA,5.4,15.1,No,0,No
2009-06-20,Albury,0.9,17.3,0,NA,NA,NNE,28,NE,NE,4,17,85,56,1025.7,1020.6,7,8,7,16.7,No,1.6,Yes
2009-06-21,Albury,7,17,1.6,NA,NA,ENE,46,NW,ENE,4,20,99,71,1021.9,1018.6,1,1,8.3,16.4,Yes,5.6,Yes
2009-06-22,Albury,5,14.9,5.6,NA,NA,SE,19,SE,ENE,4,6,99,78,1020.7,1018.6,1,8,9.1,13.6,Yes,0,No
2009-06-23,Albury,3.9,15.5,0,NA,NA,W,35,ENE,SSE,11,7,99,70,1020.2,1016.4,8,6,8.3,15.2,No,6,Yes
2009-06-24,Albury,7.7,14.1,6,NA,NA,ESE,41,ESE,SE,7,9,81,65,1014.9,1012.7,8,5,9.6,13.7,Yes,0,No
2009-06-25,Albury,4.7,12.2,0,NA,NA,NNW,24,ESE,N,2,13,99,75,1015.5,1012.7,7,8,6.9,11.6,No,4.4,Yes
2009-06-26,Albury,6.9,13.7,4.4,NA,NA,SE,46,ESE,ESE,7,9,99,73,1011.6,1008.1,7,NA,8.4,13,Yes,0,No
2009-06-27,Albury,8.4,11.9,0,NA,NA,SSE,22,SE,SE,7,6,79,81,1007.8,1005.5,8,8,10.3,11.3,No,5.4,Yes
2009-06-28,Albury,9.3,12.3,5.4,NA,NA,W,22,WSW,NNW,9,11,98,76,1007.5,1006.6,7,8,9.8,12.3,Yes,3.6,Yes
2009-06-29,Albury,8.2,15.7,3.6,NA,NA,NE,26,NE,NNE,9,15,91,69,1011.4,1009.4,8,8,10.1,15.6,Yes,2,Yes
2009-06-30,Albury,9.1,16.1,2,NA,NA,NW,72,NE,NE,11,19,78,73,1007.6,1001,8,8,13.5,15.3,Yes,8.4,Yes
2009-07-01,Albury,8.3,13.3,8.4,NA,NA,NW,52,N,NW,20,22,85,68,1006.5,1005.2,8,5,9.5,13.1,Yes,5,Yes
2009-07-02,Albury,8.8,11.6,5,NA,NA,WNW,54,NW,WNW,19,19,88,74,1009.4,1006.8,8,4,8.8,11.4,Yes,7.8,Yes
2009-07-03,Albury,7.6,12,7.8,NA,NA,W,61,W,WSW,17,22,82,62,1008.6,1009.6,8,1,7.8,11.7,Yes,0,No
2009-07-04,Albury,5.7,13.2,0,NA,NA,WNW,39,WNW,WNW,15,24,91,76,1016.3,1014.9,8,8,7.9,12.6,No,0,No
2009-07-05,Albury,3.4,12.4,0,NA,NA,W,31,W,W,9,15,80,56,1019.9,1019,NA,NA,7,12,No,0,No
2009-07-06,Albury,0,12.1,0,NA,NA,ENE,19,NNE,WSW,7,7,99,65,1022.4,1020.4,8,NA,2.3,11.4,No,0,No
2009-07-07,Albury,-1.5,12.5,0,NA,NA,E,19,NA,ENE,0,7,91,46,1026,1024.6,NA,NA,2.4,12.4,No,0,No
2009-07-08,Albury,-1.7,13.8,0,NA,NA,E,17,NA,ESE,0,7,84,54,1030.4,1028.1,NA,NA,3.3,12.4,No,0.2,No
2009-07-09,Albury,-0.4,15,0.2,NA,NA,ESE,13,NA,SE,0,7,84,54,1032,1028.6,NA,NA,3.8,14.3,No,0,No
2009-07-10,Albury,0.1,13.5,0,NA,NA,E,13,NA,SSE,0,9,93,62,1028.7,1023.8,NA,NA,4.8,13.4,No,0.6,No
2009-07-11,Albury,4.8,13.3,0.6,NA,NA,NE,24,NA,NE,0,13,96,63,1020.5,1015.6,7,1,8.1,13.2,No,0.6,No
2009-07-12,Albury,8.1,16.5,0.6,NA,NA,NNW,33,SSE,NNW,7,19,77,53,1010.4,1007.7,2,6,11.6,15.4,No,1,No
2009-07-13,Albury,5.9,13.1,1,NA,NA,WNW,41,N,NNW,13,11,82,73,1007.6,1005.5,8,8,9,12.3,No,6.8,Yes
2009-07-14,Albury,6.9,11,6.8,NA,NA,W,30,N,SSW,9,9,94,75,1006.6,1005.8,8,8,7.5,10.1,Yes,1.8,Yes
2009-07-15,Albury,2.9,12.6,1.8,NA,NA,WSW,22,ENE,NA,4,0,99,57,1010.5,1009.9,8,NA,5.9,12.5,Yes,0,No
2009-07-16,Albury,-0.6,13.4,0,NA,NA,WNW,24,NA,WSW,0,9,95,57,1015.6,1014.5,NA,NA,3.8,12.8,No,0.2,No
2009-07-17,Albury,-0.3,14.4,0.2,NA,NA,N,17,NNE,SW,4,6,88,52,1022.4,1020.6,NA,NA,4.5,14.2,No,0,No
2009-07-18,Albury,-1,12,0,NA,NA,N,20,NA,N,0,11,98,64,1023,1019.5,7,5,3.2,11.2,No,0.6,No
2009-07-19,Albury,3.2,14.1,0.6,NA,NA,NNE,24,ESE,NE,7,11,94,65,1021.6,1019.8,8,8,7.8,13.5,No,0.2,No
2009-07-20,Albury,3.6,16.5,0.2,NA,NA,NW,39,NA,N,0,19,95,53,1023.1,1018.4,8,NA,7.1,16.3,No,0,No
2009-07-21,Albury,0.8,17.7,0,NA,NA,N,43,ENE,ENE,4,17,87,46,1019.7,1013.4,NA,NA,6.6,17.6,No,0,No
2009-07-22,Albury,6.6,12.3,0,NA,NA,W,44,ENE,NNW,7,20,74,81,1009.5,1006.2,7,8,11.3,10.2,No,9.8,Yes
2009-07-23,Albury,6,13.5,9.8,NA,NA,WNW,26,W,W,13,17,83,58,1015.1,1018.4,7,7,8.5,12.9,Yes,0,No
2009-07-24,Albury,-0.1,12.9,0,NA,NA,NW,22,NA,NNW,0,15,87,58,1027.3,1025.4,NA,2,3.7,11.6,No,0,No
2009-07-25,Albury,-0.3,12.2,0,NA,NA,NE,20,NA,NE,0,9,95,61,1026.8,1022.7,NA,NA,2.5,10.8,No,0,No
2009-07-26,Albury,2.1,9.8,0,NA,NA,SSE,13,NA,E,0,2,85,74,1018,1013.7,5,NA,4.4,9.6,No,0,No
2009-07-27,Albury,1.3,8.8,0,NA,NA,N,20,ENE,NNW,6,9,99,91,1019.9,1019.9,8,8,4.2,7.3,No,3.8,Yes
2009-07-28,Albury,4.2,12.7,3.8,NA,NA,WNW,31,NW,WNW,11,11,89,71,1024,1023.1,8,8,8.8,12,Yes,2.4,Yes
2009-07-29,Albury,8.3,13.2,2.4,NA,NA,WNW,24,NW,WSW,11,9,98,81,1026,1025.4,8,8,9.3,12.1,Yes,0.2,No
2009-07-30,Albury,3.3,12.1,0.2,NA,NA,NNW,22,NA,WNW,0,9,99,76,1025.8,1022.7,7,7,6.5,12,No,5.2,Yes
2009-07-31,Albury,6.5,14.5,5.2,NA,NA,W,35,W,WSW,19,22,81,61,1021.3,1021.5,5,8,11.6,12.7,Yes,0.2,No
2009-08-01,Albury,7.4,13.9,0.2,NA,NA,W,30,NA,WNW,0,15,99,70,1026.8,1025.3,7,3,8.9,13.3,No,0.8,No
2009-08-02,Albury,7.5,14.1,0.8,NA,NA,NNW,30,SW,NNW,2,17,94,65,1027.9,1024.8,1,6,10.5,13.3,No,0.8,No
2009-08-03,Albury,8.3,13.8,0.8,NA,NA,NNW,37,W,WNW,20,15,79,49,1023.1,1022.9,NA,NA,9.9,13.6,No,0,No
2009-08-04,Albury,3.2,14.7,0,NA,NA,SSE,17,NA,ENE,0,4,91,53,1021.7,1018.9,1,NA,5.7,14,No,5.4,Yes
2009-08-05,Albury,5.7,13.8,5.4,NA,NA,NNE,19,ENE,S,7,7,98,76,1022.2,1020.2,8,8,8.9,13.6,Yes,0.4,No
2009-08-06,Albury,5.1,17.1,0.4,NA,NA,N,35,NA,NE,0,19,99,58,1021.9,1016.7,7,NA,8,16.6,No,0.8,No
2009-08-07,Albury,8,13.9,0.8,NA,NA,WNW,57,WNW,WSW,35,33,79,47,1012.8,1015.6,8,8,9.8,13.7,No,4.2,Yes
2009-08-08,Albury,-0.8,12.9,4.2,NA,NA,WNW,24,E,WSW,6,6,78,50,1026.4,1023,NA,NA,4.4,12.3,Yes,0,No
2009-08-09,Albury,-1,12.2,0,NA,NA,ESE,15,S,E,2,7,91,48,1021.6,1018.5,NA,NA,2,12.1,No,0.2,No
2009-08-10,Albury,1.9,14.8,0.2,NA,NA,SE,20,SSE,SE,4,11,72,60,1018.6,1014.7,NA,NA,5.9,12.6,No,0.4,No
2009-08-11,Albury,5.9,17.7,0.4,NA,NA,NNE,43,E,NNW,19,22,62,59,1009,1008.6,1,1,14.8,15.6,No,4.8,Yes
2009-08-12,Albury,6.9,14.3,4.8,NA,NA,W,24,SSE,NW,6,13,99,74,1011.5,1010,8,8,9.1,13,Yes,0.2,No
2009-08-13,Albury,7.7,11.6,0.2,NA,NA,NW,22,NW,N,6,13,94,87,1015.7,1015.3,8,7,9.4,11.1,No,1.2,Yes
2009-08-14,Albury,6.8,15.2,1.2,NA,NA,WSW,22,NA,WNW,0,13,99,61,1021.1,1019.1,8,NA,9,14.7,Yes,0.2,No
2009-08-15,Albury,2.7,17.5,0.2,NA,NA,NNE,24,SE,NE,7,13,99,57,1021.2,1016.8,8,NA,6.7,17,No,1.6,Yes
2009-08-16,Albury,5.1,15.5,1.6,NA,NA,W,39,NE,ENE,11,11,79,70,1012.2,1006.4,8,8,11,14.3,Yes,3.2,Yes
2009-08-17,Albury,4.2,13.6,3.2,NA,NA,WNW,37,W,WNW,20,19,73,57,1018.2,1019.7,1,NA,9.8,12.8,Yes,0,No
2009-08-18,Albury,0.6,15.6,0,NA,NA,WNW,15,NA,S,0,6,85,58,1029.8,1027.2,NA,2,6,14.4,No,0,No
2009-08-19,Albury,1.6,16.4,0,NA,NA,E,17,NE,S,7,7,99,61,1027.7,1022.5,8,1,5.5,15.2,No,0,No
2009-08-20,Albury,5.5,18.4,0,NA,NA,N,22,ESE,N,6,13,78,51,1019.7,1014.3,NA,NA,11.1,17.3,No,1,No
2009-08-21,Albury,7.3,14.8,1,NA,NA,WNW,59,NNE,WSW,26,30,72,85,1004,1001.7,3,8,13.3,10.1,No,6.6,Yes
2009-08-22,Albury,0.2,14.1,6.6,NA,NA,NE,26,SE,NNE,9,13,90,57,1012,1009.6,NA,NA,5.8,12.9,Yes,3.8,Yes
2009-08-23,Albury,5.8,18.9,3.8,NA,NA,NNE,26,ENE,NNE,7,11,94,67,1011.5,1007.1,3,3,10.8,18.2,Yes,1.2,Yes
2009-08-24,Albury,8.9,17.1,1.2,NA,NA,WNW,63,NNW,NW,26,22,68,52,1004.1,1001,NA,NA,13.2,16.4,Yes,2,Yes
2009-08-25,Albury,7.1,12.8,2,NA,NA,W,85,W,NW,15,20,75,53,1009.6,1008.2,3,NA,7.7,11.7,Yes,3.6,Yes
2009-08-26,Albury,4.2,14.4,3.6,NA,NA,NW,43,NNW,NW,13,30,83,56,1016.1,1014.4,NA,8,6.9,13.6,Yes,0.4,No
2009-08-27,Albury,1.1,16.7,0.4,NA,NA,N,30,ENE,N,11,19,72,49,1018.5,1014.6,NA,NA,8.9,16.2,No,0,No
2009-08-28,Albury,1.1,18.6,0,NA,NA,NNW,24,ESE,E,7,11,87,51,1016.9,1013.3,NA,NA,7.2,17.6,No,4.2,Yes
2009-08-29,Albury,7.2,17.9,4.2,NA,NA,W,59,NE,W,20,19,81,80,1002.6,996.9,1,8,13,17.5,Yes,13.4,Yes
2009-08-30,Albury,6.3,11.1,13.4,NA,NA,WNW,56,W,W,26,20,77,57,1014.2,1015.2,8,8,6.7,10.7,Yes,1.4,Yes
2009-08-31,Albury,6.7,14.2,1.4,NA,NA,NW,39,NW,NW,19,22,90,72,1018.9,1016.8,7,5,9.7,13.9,Yes,3,Yes
2009-09-01,Albury,5.1,14.2,3,NA,NA,WNW,24,WNW,W,7,15,96,58,1023.2,1021.7,8,1,9.7,12.5,Yes,0,No
2009-09-02,Albury,1,16.8,0,NA,NA,ESE,24,ESE,E,9,9,82,45,1024.9,1020.2,NA,NA,7,16,No,0,No
2009-09-03,Albury,6.1,20.7,0,NA,NA,NE,43,SE,NE,4,24,80,54,1016.6,1010.8,NA,NA,10.2,20.3,No,1.4,Yes
2009-09-04,Albury,6.3,16.9,1.4,NA,NA,NW,35,ESE,WNW,6,13,85,58,1014.4,1012.3,1,NA,12.5,15.5,Yes,0,No
2009-09-05,Albury,2.1,15,0,NA,NA,WNW,30,ESE,NW,4,11,81,54,1019.5,1017.9,NA,6,8.6,14.9,No,0,No
2009-09-06,Albury,1.6,16.6,0,NA,NA,NE,37,SE,NE,9,20,79,47,1018.4,1011.4,NA,NA,8.3,15.4,No,0,No
2009-09-07,Albury,8.3,17.6,0,NA,NA,W,41,ENE,W,9,30,73,53,1005,1002.7,NA,NA,13.9,16.5,No,0,No
2009-09-08,Albury,5.7,16.5,0,NA,NA,W,46,W,WSW,7,30,90,59,1009.9,1009,5,4,9.4,15.3,No,0,No
2009-09-09,Albury,7.5,14.3,0,NA,NA,W,35,W,WNW,17,22,82,67,1012.8,1011.3,8,8,9.5,13.4,No,0,No
2009-09-11,Albury,NA,18.8,NA,NA,NA,N,31,SE,NNE,7,19,83,46,1022.2,1018.2,NA,NA,8.7,18.1,NA,0,No
2009-09-12,Albury,6.5,24.7,0,NA,NA,NE,39,SE,NE,6,22,70,39,1020,1015.4,NA,NA,13.2,24,No,0,No
2009-09-13,Albury,13.2,25.1,0,NA,NA,NNE,35,E,WNW,9,11,44,25,1017,1012.2,NA,NA,17.3,23.1,No,0,No
2009-09-14,Albury,4.3,17.8,0,NA,NA,SW,24,NE,NNW,2,6,60,29,1022.6,1019.9,NA,NA,10.9,17.1,No,0,No
2009-09-15,Albury,1.6,17.2,0,NA,NA,S,20,ESE,S,6,7,68,44,1022.5,1019.1,NA,NA,8.1,16.7,No,0,No
2009-09-16,Albury,2.8,21.1,0,NA,NA,E,17,E,ESE,7,9,74,39,1022.2,1016.8,NA,NA,11.2,20.7,No,0,No
2009-09-17,Albury,6.3,19,0,NA,NA,WNW,24,E,NW,6,2,76,73,1013.8,1011.9,NA,7,12.9,14,No,10.2,Yes
2009-09-18,Albury,7.4,20.4,10.2,NA,NA,WNW,46,NA,NA,0,0,75,54,1021.2,1018.6,NA,NA,12.9,20.3,Yes,0,No
2009-09-19,Albury,5.4,20.6,0,NA,NA,NNW,22,NE,WNW,6,11,98,46,1018.8,1015,8,8,10.2,19.2,No,0.4,No
2009-09-20,Albury,8,18.9,0.4,NA,NA,W,33,NA,W,0,20,79,50,1014.6,1013.7,8,NA,14.3,16.8,No,0.2,No
2009-09-21,Albury,3.7,19,0.2,NA,NA,NE,43,ESE,ENE,9,15,73,50,1014.5,1008.2,NA,NA,11.5,18.3,No,8.4,Yes
2009-09-22,Albury,11.5,20.2,8.4,NA,NA,NNE,50,NNW,N,17,13,77,55,1002.6,999.2,8,1,15.5,19.2,Yes,28.8,Yes
2009-09-23,Albury,9.3,16.8,28.8,NA,NA,W,56,W,WSW,26,30,82,54,997.8,1003.8,5,8,13.1,15.9,Yes,1.4,Yes
2009-09-24,Albury,8.2,18.2,1.4,NA,NA,NW,41,WNW,NW,9,24,72,55,1015.1,1011.8,NA,4,12.6,17.2,Yes,0,No
2009-09-25,Albury,5.3,20.6,0,NA,NA,NNW,44,NNE,N,22,13,60,57,1009.3,1002.9,2,7,15.2,17.3,No,6,Yes
2009-09-26,Albury,6.8,12.2,6,NA,NA,WNW,56,WNW,W,37,24,79,72,1005.2,1003.9,7,6,7.9,11.1,Yes,1.6,Yes
2009-09-27,Albury,4.5,12.9,1.6,NA,NA,W,61,WNW,W,35,37,78,72,1009.8,1008.4,5,8,6.7,10.7,Yes,0,No
2009-09-28,Albury,5.5,17.9,0,NA,NA,W,43,W,W,17,24,79,56,1012.3,1009.9,NA,1,9.2,16.8,No,0,No
2009-09-29,Albury,1.7,17,0,NA,NA,NW,19,E,WNW,6,11,73,49,1015.6,1013.4,NA,NA,9.4,16.2,No,0,No
2009-09-30,Albury,4,21.4,0,NA,NA,NNW,35,E,NNE,7,17,75,36,1018,1013.4,NA,NA,11.3,20.9,No,0,No
2009-10-01,Albury,8.9,21.1,0,NA,NA,SSW,28,N,S,6,9,76,61,1012.4,1008.8,NA,NA,12.9,19.4,No,0,No
2009-10-02,Albury,11.7,22,0,NA,NA,SE,30,S,SSW,4,11,68,55,1009.6,1004.9,NA,NA,16.1,20.6,No,3.2,Yes
2009-10-03,Albury,8.5,13.5,3.2,NA,NA,SSE,31,ESE,ESE,17,11,87,75,1014,1015.1,7,7,9.6,13,Yes,1.8,Yes